--------------------------------------------------------
--  Fichier créé - lundi-juin-05-2017   
--------------------------------------------------------
--------------------------------------------------------
--  DDL for Sequence SEQ_ACHAT_TICKET_IDACHAT
--------------------------------------------------------

   CREATE SEQUENCE  "SEQ_ACHAT_TICKET_IDACHAT"  MINVALUE 1 MAXVALUE 9999999999999999999999999999 INCREMENT BY 1 START WITH 61 CACHE 20 NOORDER  NOCYCLE ;
--------------------------------------------------------
--  DDL for Sequence SEQ_ELEVE_IDELEVE
--------------------------------------------------------

   CREATE SEQUENCE  "SEQ_ELEVE_IDELEVE"  MINVALUE 1 MAXVALUE 9999999999999999999999999999 INCREMENT BY 1 START WITH 101 CACHE 20 NOORDER  NOCYCLE ;
--------------------------------------------------------
--  DDL for Sequence SEQ_EXAMEN_IDEXAM
--------------------------------------------------------

   CREATE SEQUENCE  "SEQ_EXAMEN_IDEXAM"  MINVALUE 1 MAXVALUE 9999999999999999999999999999 INCREMENT BY 1 START WITH 161 CACHE 20 NOORDER  NOCYCLE ;
--------------------------------------------------------
--  DDL for Sequence SEQ_FORMULE_IDFORMULE
--------------------------------------------------------

   CREATE SEQUENCE  "SEQ_FORMULE_IDFORMULE"  MINVALUE 1 MAXVALUE 9999999999999999999999999999 INCREMENT BY 1 START WITH 41 CACHE 20 NOORDER  NOCYCLE ;
--------------------------------------------------------
--  DDL for Sequence SEQ_LECON_CONDUITE_IDLECON
--------------------------------------------------------

   CREATE SEQUENCE  "SEQ_LECON_CONDUITE_IDLECON"  MINVALUE 1 MAXVALUE 9999999999999999999999999999 INCREMENT BY 1 START WITH 101 CACHE 20 NOORDER  NOCYCLE ;
--------------------------------------------------------
--  DDL for Sequence SEQ_RELEVE_COMPTEUR_IDRELEVE
--------------------------------------------------------

   CREATE SEQUENCE  "SEQ_RELEVE_COMPTEUR_IDRELEVE"  MINVALUE 1 MAXVALUE 9999999999999999999999999999 INCREMENT BY 1 START WITH 61 CACHE 20 NOORDER  NOCYCLE ;
--------------------------------------------------------
--  DDL for Sequence SEQ_RESPONSABLE_IDRESPONSABLE
--------------------------------------------------------

   CREATE SEQUENCE  "SEQ_RESPONSABLE_IDRESPONSABLE"  MINVALUE 1 MAXVALUE 9999999999999999999999999999 INCREMENT BY 1 START WITH 41 CACHE 20 NOORDER  NOCYCLE ;
--------------------------------------------------------
--  DDL for Sequence SEQ_SALARIE_IDSALARIE
--------------------------------------------------------

   CREATE SEQUENCE  "SEQ_SALARIE_IDSALARIE"  MINVALUE 1 MAXVALUE 9999999999999999999999999999 INCREMENT BY 1 START WITH 121 CACHE 20 NOORDER  NOCYCLE ;
--------------------------------------------------------
--  DDL for Table ACHAT_TICKET
--------------------------------------------------------

  CREATE TABLE "ACHAT_TICKET" 
   (	"IDACHAT" NUMBER, 
	"QUANTITE" NUMBER(10,0), 
	"DATEACHAT" DATE, 
	"MOYENPAIEMENT" VARCHAR2(14 BYTE), 
	"IDELEVE" NUMBER(10,0)
   ) SEGMENT CREATION IMMEDIATE 
  PCTFREE 10 PCTUSED 40 INITRANS 1 MAXTRANS 255 NOCOMPRESS LOGGING
  STORAGE(INITIAL 65536 NEXT 1048576 MINEXTENTS 1 MAXEXTENTS 2147483645
  PCTINCREASE 0 FREELISTS 1 FREELIST GROUPS 1 BUFFER_POOL DEFAULT FLASH_CACHE DEFAULT CELL_FLASH_CACHE DEFAULT)
  TABLESPACE "SYSTEM" ;
--------------------------------------------------------
--  DDL for Table ELEVE
--------------------------------------------------------

  CREATE TABLE "ELEVE" 
   (	"IDELEVE" NUMBER, 
	"NOM" VARCHAR2(50 BYTE), 
	"PRENOM" VARCHAR2(50 BYTE), 
	"ADRESSE" VARCHAR2(50 BYTE), 
	"VILLE" VARCHAR2(50 BYTE), 
	"CODEPOSTAL" VARCHAR2(5 BYTE), 
	"TELEPHONEDOMICILE" VARCHAR2(10 BYTE), 
	"TELEPHONEPORTABLE" VARCHAR2(10 BYTE), 
	"LIEUETUDETRAVAIL" VARCHAR2(50 BYTE), 
	"CODEPOSTALTRAVAIL" VARCHAR2(5 BYTE), 
	"VILLETRAVAIL" VARCHAR2(50 BYTE), 
	"IDFORMULE" NUMBER(10,0), 
	"IDRESPONSABLE" NUMBER(10,0), 
	"IDSALARIE" NUMBER(10,0), 
	"DATENAISSANCE" DATE
   ) SEGMENT CREATION IMMEDIATE 
  PCTFREE 10 PCTUSED 40 INITRANS 1 MAXTRANS 255 NOCOMPRESS LOGGING
  STORAGE(INITIAL 65536 NEXT 1048576 MINEXTENTS 1 MAXEXTENTS 2147483645
  PCTINCREASE 0 FREELISTS 1 FREELIST GROUPS 1 BUFFER_POOL DEFAULT FLASH_CACHE DEFAULT CELL_FLASH_CACHE DEFAULT)
  TABLESPACE "SYSTEM" ;
--------------------------------------------------------
--  DDL for Table EXAMEN
--------------------------------------------------------

  CREATE TABLE "EXAMEN" 
   (	"IDEXAM" NUMBER, 
	"DATEEXAM" DATE, 
	"TYPEEXAM" VARCHAR2(8 BYTE)
   ) SEGMENT CREATION IMMEDIATE 
  PCTFREE 10 PCTUSED 40 INITRANS 1 MAXTRANS 255 NOCOMPRESS LOGGING
  STORAGE(INITIAL 65536 NEXT 1048576 MINEXTENTS 1 MAXEXTENTS 2147483645
  PCTINCREASE 0 FREELISTS 1 FREELIST GROUPS 1 BUFFER_POOL DEFAULT FLASH_CACHE DEFAULT CELL_FLASH_CACHE DEFAULT)
  TABLESPACE "SYSTEM" ;
--------------------------------------------------------
--  DDL for Table FORMULE
--------------------------------------------------------

  CREATE TABLE "FORMULE" 
   (	"IDFORMULE" NUMBER, 
	"NOM" VARCHAR2(50 BYTE), 
	"PRIXINSCRIPTION" NUMBER(10,0), 
	"NBLECONSINCLUSES" NUMBER(10,0), 
	"PRIXUNITAIRELECON" NUMBER(10,0), 
	"DESCRIPTION" VARCHAR2(50 BYTE)
   ) SEGMENT CREATION IMMEDIATE 
  PCTFREE 10 PCTUSED 40 INITRANS 1 MAXTRANS 255 NOCOMPRESS LOGGING
  STORAGE(INITIAL 65536 NEXT 1048576 MINEXTENTS 1 MAXEXTENTS 2147483645
  PCTINCREASE 0 FREELISTS 1 FREELIST GROUPS 1 BUFFER_POOL DEFAULT FLASH_CACHE DEFAULT CELL_FLASH_CACHE DEFAULT)
  TABLESPACE "SYSTEM" ;
--------------------------------------------------------
--  DDL for Table LECON_CONDUITE
--------------------------------------------------------

  CREATE TABLE "LECON_CONDUITE" 
   (	"IDLECON" NUMBER, 
	"DATELECON" DATE, 
	"STATUTLECON" VARCHAR2(10 BYTE), 
	"IDSALARIE" NUMBER(10,0), 
	"IDELEVE" NUMBER(10,0), 
	"NUMVEHICULE" NUMBER(10,0)
   ) SEGMENT CREATION IMMEDIATE 
  PCTFREE 10 PCTUSED 40 INITRANS 1 MAXTRANS 255 NOCOMPRESS LOGGING
  STORAGE(INITIAL 65536 NEXT 1048576 MINEXTENTS 1 MAXEXTENTS 2147483645
  PCTINCREASE 0 FREELISTS 1 FREELIST GROUPS 1 BUFFER_POOL DEFAULT FLASH_CACHE DEFAULT CELL_FLASH_CACHE DEFAULT)
  TABLESPACE "SYSTEM" ;
--------------------------------------------------------
--  DDL for Table PASSAGE_EXAMEN
--------------------------------------------------------

  CREATE TABLE "PASSAGE_EXAMEN" 
   (	"STATUTEXAM" VARCHAR2(12 BYTE), 
	"IDELEVE" NUMBER(10,0), 
	"IDEXAM" NUMBER(10,0)
   ) SEGMENT CREATION IMMEDIATE 
  PCTFREE 10 PCTUSED 40 INITRANS 1 MAXTRANS 255 NOCOMPRESS LOGGING
  STORAGE(INITIAL 65536 NEXT 1048576 MINEXTENTS 1 MAXEXTENTS 2147483645
  PCTINCREASE 0 FREELISTS 1 FREELIST GROUPS 1 BUFFER_POOL DEFAULT FLASH_CACHE DEFAULT CELL_FLASH_CACHE DEFAULT)
  TABLESPACE "SYSTEM" ;
--------------------------------------------------------
--  DDL for Table RELEVE_COMPTEUR
--------------------------------------------------------

  CREATE TABLE "RELEVE_COMPTEUR" 
   (	"IDRELEVE" NUMBER, 
	"DATERELEVE" DATE, 
	"KILOMETRAGE" NUMBER(10,0), 
	"NUMVEHICULE" NUMBER(10,0)
   ) SEGMENT CREATION IMMEDIATE 
  PCTFREE 10 PCTUSED 40 INITRANS 1 MAXTRANS 255 NOCOMPRESS LOGGING
  STORAGE(INITIAL 65536 NEXT 1048576 MINEXTENTS 1 MAXEXTENTS 2147483645
  PCTINCREASE 0 FREELISTS 1 FREELIST GROUPS 1 BUFFER_POOL DEFAULT FLASH_CACHE DEFAULT CELL_FLASH_CACHE DEFAULT)
  TABLESPACE "SYSTEM" ;
--------------------------------------------------------
--  DDL for Table RESPONSABLE
--------------------------------------------------------

  CREATE TABLE "RESPONSABLE" 
   (	"IDRESPONSABLE" NUMBER, 
	"NOM" VARCHAR2(50 BYTE), 
	"PRENOM" VARCHAR2(50 BYTE), 
	"ADRESSE" VARCHAR2(50 BYTE), 
	"VILLE" VARCHAR2(50 BYTE), 
	"CODEPOSTAL" VARCHAR2(5 BYTE), 
	"TELEPHONEDOMICILE" VARCHAR2(10 BYTE), 
	"TELEPHONEPORTABLE" VARCHAR2(10 BYTE)
   ) SEGMENT CREATION IMMEDIATE 
  PCTFREE 10 PCTUSED 40 INITRANS 1 MAXTRANS 255 NOCOMPRESS LOGGING
  STORAGE(INITIAL 65536 NEXT 1048576 MINEXTENTS 1 MAXEXTENTS 2147483645
  PCTINCREASE 0 FREELISTS 1 FREELIST GROUPS 1 BUFFER_POOL DEFAULT FLASH_CACHE DEFAULT CELL_FLASH_CACHE DEFAULT)
  TABLESPACE "SYSTEM" ;
--------------------------------------------------------
--  DDL for Table SALARIE
--------------------------------------------------------

  CREATE TABLE "SALARIE" 
   (	"IDSALARIE" NUMBER, 
	"NOM" VARCHAR2(50 BYTE), 
	"PRENOM" VARCHAR2(50 BYTE), 
	"ADRESSE" VARCHAR2(50 BYTE), 
	"VILLE" VARCHAR2(50 BYTE), 
	"CODE" VARCHAR2(5 BYTE), 
	"TELEPHONE" VARCHAR2(10 BYTE), 
	"FONCTION" VARCHAR2(11 BYTE), 
	"SURNOM" VARCHAR2(50 BYTE), 
	"EMAIL" VARCHAR2(50 BYTE), 
	"MOTDEPASSE" VARCHAR2(50 BYTE)
   ) SEGMENT CREATION IMMEDIATE 
  PCTFREE 10 PCTUSED 40 INITRANS 1 MAXTRANS 255 NOCOMPRESS LOGGING
  STORAGE(INITIAL 65536 NEXT 1048576 MINEXTENTS 1 MAXEXTENTS 2147483645
  PCTINCREASE 0 FREELISTS 1 FREELIST GROUPS 1 BUFFER_POOL DEFAULT FLASH_CACHE DEFAULT CELL_FLASH_CACHE DEFAULT)
  TABLESPACE "SYSTEM" ;
--------------------------------------------------------
--  DDL for Table VEHICULE
--------------------------------------------------------

  CREATE TABLE "VEHICULE" 
   (	"NUMVEHICULE" NUMBER(10,0), 
	"IMMATRICULATION" VARCHAR2(50 BYTE), 
	"MARQUE" VARCHAR2(50 BYTE), 
	"MODELE" VARCHAR2(50 BYTE), 
	"IDSALARIE" NUMBER(10,0)
   ) SEGMENT CREATION IMMEDIATE 
  PCTFREE 10 PCTUSED 40 INITRANS 1 MAXTRANS 255 NOCOMPRESS LOGGING
  STORAGE(INITIAL 65536 NEXT 1048576 MINEXTENTS 1 MAXEXTENTS 2147483645
  PCTINCREASE 0 FREELISTS 1 FREELIST GROUPS 1 BUFFER_POOL DEFAULT FLASH_CACHE DEFAULT CELL_FLASH_CACHE DEFAULT)
  TABLESPACE "SYSTEM" ;
REM INSERTING into ACHAT_TICKET
SET DEFINE OFF;
Insert into ACHAT_TICKET (IDACHAT,QUANTITE,DATEACHAT,MOYENPAIEMENT,IDELEVE) values ('42','10',to_date('02/06/17','DD/MM/RR'),'carte bancaire','83');
Insert into ACHAT_TICKET (IDACHAT,QUANTITE,DATEACHAT,MOYENPAIEMENT,IDELEVE) values ('46','2',to_date('05/06/17','DD/MM/RR'),'comptant','81');
Insert into ACHAT_TICKET (IDACHAT,QUANTITE,DATEACHAT,MOYENPAIEMENT,IDELEVE) values ('44','3',to_date('01/06/17','DD/MM/RR'),'comptant','81');
REM INSERTING into ELEVE
SET DEFINE OFF;
Insert into ELEVE (IDELEVE,NOM,PRENOM,ADRESSE,VILLE,CODEPOSTAL,TELEPHONEDOMICILE,TELEPHONEPORTABLE,LIEUETUDETRAVAIL,CODEPOSTALTRAVAIL,VILLETRAVAIL,IDFORMULE,IDRESPONSABLE,IDSALARIE,DATENAISSANCE) values ('82','Cabas','Amandine','35, avenue de l''église','Rodez','12000','0589423157','0612478941','54, avenue jean monnet','12000','Rodez','100',null,'95',to_date('30/05/89','DD/MM/RR'));
Insert into ELEVE (IDELEVE,NOM,PRENOM,ADRESSE,VILLE,CODEPOSTAL,TELEPHONEDOMICILE,TELEPHONEPORTABLE,LIEUETUDETRAVAIL,CODEPOSTALTRAVAIL,VILLETRAVAIL,IDFORMULE,IDRESPONSABLE,IDSALARIE,DATENAISSANCE) values ('81','Bazy','Fred','25, rue du maréchal ferrand','Rodez','12000','0514879432','0612147841','34, rue des joncquilles','12000','Rodez','102','21','97',to_date('02/11/00','DD/MM/RR'));
Insert into ELEVE (IDELEVE,NOM,PRENOM,ADRESSE,VILLE,CODEPOSTAL,TELEPHONEDOMICILE,TELEPHONEPORTABLE,LIEUETUDETRAVAIL,CODEPOSTALTRAVAIL,VILLETRAVAIL,IDFORMULE,IDRESPONSABLE,IDSALARIE,DATENAISSANCE) values ('83','BAZY','Jean-claude','25, rue du maréchal ferrand','Rodez','12000','0561487941','0621489754','44, rue foch','12000','Rodez','100','21','95',to_date('12/03/02','DD/MM/RR'));
Insert into ELEVE (IDELEVE,NOM,PRENOM,ADRESSE,VILLE,CODEPOSTAL,TELEPHONEDOMICILE,TELEPHONEPORTABLE,LIEUETUDETRAVAIL,CODEPOSTALTRAVAIL,VILLETRAVAIL,IDFORMULE,IDRESPONSABLE,IDSALARIE,DATENAISSANCE) values ('84','Doe','John','6, rue de la place d''armes','Rodez','12000','0514879431','0687944515','34, rue des fleurs','12000','RODEZ','101',null,'97',to_date('12/08/74','DD/MM/RR'));
REM INSERTING into EXAMEN
SET DEFINE OFF;
Insert into EXAMEN (IDEXAM,DATEEXAM,TYPEEXAM) values ('143',to_date('23/06/17','DD/MM/RR'),'code');
Insert into EXAMEN (IDEXAM,DATEEXAM,TYPEEXAM) values ('146',to_date('28/06/17','DD/MM/RR'),'conduite');
Insert into EXAMEN (IDEXAM,DATEEXAM,TYPEEXAM) values ('144',to_date('30/05/17','DD/MM/RR'),'code');
REM INSERTING into FORMULE
SET DEFINE OFF;
Insert into FORMULE (IDFORMULE,NOM,PRIXINSCRIPTION,NBLECONSINCLUSES,PRIXUNITAIRELECON,DESCRIPTION) values ('100','Formule 1','400','0','40','leçons de code à volonté');
Insert into FORMULE (IDFORMULE,NOM,PRIXINSCRIPTION,NBLECONSINCLUSES,PRIXUNITAIRELECON,DESCRIPTION) values ('102','Formule 3','1300','30','40','formule basée sur la formule 1');
Insert into FORMULE (IDFORMULE,NOM,PRIXINSCRIPTION,NBLECONSINCLUSES,PRIXUNITAIRELECON,DESCRIPTION) values ('101','Formule 2','1100','20','40','formule basée sur la formule 1');
REM INSERTING into LECON_CONDUITE
SET DEFINE OFF;
Insert into LECON_CONDUITE (IDLECON,DATELECON,STATUTLECON,IDSALARIE,IDELEVE,NUMVEHICULE) values ('86',to_date('05/06/17','DD/MM/RR'),'en attente','97','81','4');
Insert into LECON_CONDUITE (IDLECON,DATELECON,STATUTLECON,IDSALARIE,IDELEVE,NUMVEHICULE) values ('84',to_date('05/06/17','DD/MM/RR'),'effectuée','95','82','1');
Insert into LECON_CONDUITE (IDLECON,DATELECON,STATUTLECON,IDSALARIE,IDELEVE,NUMVEHICULE) values ('85',to_date('05/06/17','DD/MM/RR'),'annulée','95','84','2');
Insert into LECON_CONDUITE (IDLECON,DATELECON,STATUTLECON,IDSALARIE,IDELEVE,NUMVEHICULE) values ('87',to_date('05/06/17','DD/MM/RR'),'en attente','97','81','4');
REM INSERTING into PASSAGE_EXAMEN
SET DEFINE OFF;
Insert into PASSAGE_EXAMEN (STATUTEXAM,IDELEVE,IDEXAM) values ('désistement','81','143');
Insert into PASSAGE_EXAMEN (STATUTEXAM,IDELEVE,IDEXAM) values ('réussi','84','144');
Insert into PASSAGE_EXAMEN (STATUTEXAM,IDELEVE,IDEXAM) values ('en attente','82','143');
Insert into PASSAGE_EXAMEN (STATUTEXAM,IDELEVE,IDEXAM) values ('en attente','84','146');
REM INSERTING into RELEVE_COMPTEUR
SET DEFINE OFF;
Insert into RELEVE_COMPTEUR (IDRELEVE,DATERELEVE,KILOMETRAGE,NUMVEHICULE) values ('46',to_date('05/06/17','DD/MM/RR'),'146','1');
Insert into RELEVE_COMPTEUR (IDRELEVE,DATERELEVE,KILOMETRAGE,NUMVEHICULE) values ('45',to_date('03/06/17','DD/MM/RR'),'0','1');
Insert into RELEVE_COMPTEUR (IDRELEVE,DATERELEVE,KILOMETRAGE,NUMVEHICULE) values ('47',to_date('05/06/17','DD/MM/RR'),'14578','2');
Insert into RELEVE_COMPTEUR (IDRELEVE,DATERELEVE,KILOMETRAGE,NUMVEHICULE) values ('48',to_date('03/06/17','DD/MM/RR'),'7864','3');
Insert into RELEVE_COMPTEUR (IDRELEVE,DATERELEVE,KILOMETRAGE,NUMVEHICULE) values ('49',to_date('05/06/17','DD/MM/RR'),'7969','3');
REM INSERTING into RESPONSABLE
SET DEFINE OFF;
Insert into RESPONSABLE (IDRESPONSABLE,NOM,PRENOM,ADRESSE,VILLE,CODEPOSTAL,TELEPHONEDOMICILE,TELEPHONEPORTABLE) values ('21','Bazy','Anathol','25, rue du maréchal ferrand','Rodez','12000','0514879432','0648795134');
REM INSERTING into SALARIE
SET DEFINE OFF;
Insert into SALARIE (IDSALARIE,NOM,PRENOM,ADRESSE,VILLE,CODE,TELEPHONE,FONCTION,SURNOM,EMAIL,MOTDEPASSE) values ('96','Rose','Marie','56, rue de la chance','Luc-la-Primaube','12450','0514789632','secrétaire','Mama','mama@gmail.com','12345');
Insert into SALARIE (IDSALARIE,NOM,PRENOM,ADRESSE,VILLE,CODE,TELEPHONE,FONCTION,SURNOM,EMAIL,MOTDEPASSE) values ('97','Albert','Stéphane','10, route de st pierre','Rodez','12000','0623148795','moniteur','Steph','steph@gmail.com','12345');
Insert into SALARIE (IDSALARIE,NOM,PRENOM,ADRESSE,VILLE,CODE,TELEPHONE,FONCTION,SURNOM,EMAIL,MOTDEPASSE) values ('94','Dupont','Jean','2, rue Béteille','Rodez','12000','0561427894','gérant','riton','jean@gmail.com','12345');
Insert into SALARIE (IDSALARIE,NOM,PRENOM,ADRESSE,VILLE,CODE,TELEPHONE,FONCTION,SURNOM,EMAIL,MOTDEPASSE) values ('95','Albert','Jeannot','45, rue des fleurs','Rodez','12000','0651487214','moniteur','Jojo','jojo@gmail.com','12345');
REM INSERTING into VEHICULE
SET DEFINE OFF;
Insert into VEHICULE (NUMVEHICULE,IMMATRICULATION,MARQUE,MODELE,IDSALARIE) values ('3','KJ-463-YA','Peugeot','208','95');
Insert into VEHICULE (NUMVEHICULE,IMMATRICULATION,MARQUE,MODELE,IDSALARIE) values ('1','GH-154-HY','Renault','Clio IV','97');
Insert into VEHICULE (NUMVEHICULE,IMMATRICULATION,MARQUE,MODELE,IDSALARIE) values ('2','OP-189-DX','Opel','Corsa','96');
Insert into VEHICULE (NUMVEHICULE,IMMATRICULATION,MARQUE,MODELE,IDSALARIE) values ('4','ML-496-DQ','Mini','Clubman','94');
--------------------------------------------------------
--  DDL for Index SALARIE_PK
--------------------------------------------------------

  CREATE UNIQUE INDEX "SALARIE_PK" ON "SALARIE" ("IDSALARIE") 
  PCTFREE 10 INITRANS 2 MAXTRANS 255 COMPUTE STATISTICS 
  STORAGE(INITIAL 65536 NEXT 1048576 MINEXTENTS 1 MAXEXTENTS 2147483645
  PCTINCREASE 0 FREELISTS 1 FREELIST GROUPS 1 BUFFER_POOL DEFAULT FLASH_CACHE DEFAULT CELL_FLASH_CACHE DEFAULT)
  TABLESPACE "SYSTEM" ;
--------------------------------------------------------
--  DDL for Index ELEVE_PK
--------------------------------------------------------

  CREATE UNIQUE INDEX "ELEVE_PK" ON "ELEVE" ("IDELEVE") 
  PCTFREE 10 INITRANS 2 MAXTRANS 255 COMPUTE STATISTICS 
  STORAGE(INITIAL 65536 NEXT 1048576 MINEXTENTS 1 MAXEXTENTS 2147483645
  PCTINCREASE 0 FREELISTS 1 FREELIST GROUPS 1 BUFFER_POOL DEFAULT FLASH_CACHE DEFAULT CELL_FLASH_CACHE DEFAULT)
  TABLESPACE "SYSTEM" ;
--------------------------------------------------------
--  DDL for Index VEHICULE_PK
--------------------------------------------------------

  CREATE UNIQUE INDEX "VEHICULE_PK" ON "VEHICULE" ("NUMVEHICULE") 
  PCTFREE 10 INITRANS 2 MAXTRANS 255 COMPUTE STATISTICS 
  STORAGE(INITIAL 65536 NEXT 1048576 MINEXTENTS 1 MAXEXTENTS 2147483645
  PCTINCREASE 0 FREELISTS 1 FREELIST GROUPS 1 BUFFER_POOL DEFAULT FLASH_CACHE DEFAULT CELL_FLASH_CACHE DEFAULT)
  TABLESPACE "SYSTEM" ;
--------------------------------------------------------
--  DDL for Index RESPONSABLE_PK
--------------------------------------------------------

  CREATE UNIQUE INDEX "RESPONSABLE_PK" ON "RESPONSABLE" ("IDRESPONSABLE") 
  PCTFREE 10 INITRANS 2 MAXTRANS 255 COMPUTE STATISTICS 
  STORAGE(INITIAL 65536 NEXT 1048576 MINEXTENTS 1 MAXEXTENTS 2147483645
  PCTINCREASE 0 FREELISTS 1 FREELIST GROUPS 1 BUFFER_POOL DEFAULT FLASH_CACHE DEFAULT CELL_FLASH_CACHE DEFAULT)
  TABLESPACE "SYSTEM" ;
--------------------------------------------------------
--  DDL for Index EXAMEN_PK
--------------------------------------------------------

  CREATE UNIQUE INDEX "EXAMEN_PK" ON "EXAMEN" ("IDEXAM") 
  PCTFREE 10 INITRANS 2 MAXTRANS 255 COMPUTE STATISTICS 
  STORAGE(INITIAL 65536 NEXT 1048576 MINEXTENTS 1 MAXEXTENTS 2147483645
  PCTINCREASE 0 FREELISTS 1 FREELIST GROUPS 1 BUFFER_POOL DEFAULT FLASH_CACHE DEFAULT CELL_FLASH_CACHE DEFAULT)
  TABLESPACE "SYSTEM" ;
--------------------------------------------------------
--  DDL for Index LECON_CONDUITE_PK
--------------------------------------------------------

  CREATE UNIQUE INDEX "LECON_CONDUITE_PK" ON "LECON_CONDUITE" ("IDLECON") 
  PCTFREE 10 INITRANS 2 MAXTRANS 255 COMPUTE STATISTICS 
  STORAGE(INITIAL 65536 NEXT 1048576 MINEXTENTS 1 MAXEXTENTS 2147483645
  PCTINCREASE 0 FREELISTS 1 FREELIST GROUPS 1 BUFFER_POOL DEFAULT FLASH_CACHE DEFAULT CELL_FLASH_CACHE DEFAULT)
  TABLESPACE "SYSTEM" ;
--------------------------------------------------------
--  DDL for Index PASSAGE_EXAMEN_PK
--------------------------------------------------------

  CREATE UNIQUE INDEX "PASSAGE_EXAMEN_PK" ON "PASSAGE_EXAMEN" ("IDELEVE", "IDEXAM") 
  PCTFREE 10 INITRANS 2 MAXTRANS 255 COMPUTE STATISTICS 
  STORAGE(INITIAL 65536 NEXT 1048576 MINEXTENTS 1 MAXEXTENTS 2147483645
  PCTINCREASE 0 FREELISTS 1 FREELIST GROUPS 1 BUFFER_POOL DEFAULT FLASH_CACHE DEFAULT CELL_FLASH_CACHE DEFAULT)
  TABLESPACE "SYSTEM" ;
--------------------------------------------------------
--  DDL for Index RELEVE_COMPTEUR_PK
--------------------------------------------------------

  CREATE UNIQUE INDEX "RELEVE_COMPTEUR_PK" ON "RELEVE_COMPTEUR" ("IDRELEVE") 
  PCTFREE 10 INITRANS 2 MAXTRANS 255 COMPUTE STATISTICS 
  STORAGE(INITIAL 65536 NEXT 1048576 MINEXTENTS 1 MAXEXTENTS 2147483645
  PCTINCREASE 0 FREELISTS 1 FREELIST GROUPS 1 BUFFER_POOL DEFAULT FLASH_CACHE DEFAULT CELL_FLASH_CACHE DEFAULT)
  TABLESPACE "SYSTEM" ;
--------------------------------------------------------
--  DDL for Index ACHAT_TICKET_PK
--------------------------------------------------------

  CREATE UNIQUE INDEX "ACHAT_TICKET_PK" ON "ACHAT_TICKET" ("IDACHAT") 
  PCTFREE 10 INITRANS 2 MAXTRANS 255 COMPUTE STATISTICS 
  STORAGE(INITIAL 65536 NEXT 1048576 MINEXTENTS 1 MAXEXTENTS 2147483645
  PCTINCREASE 0 FREELISTS 1 FREELIST GROUPS 1 BUFFER_POOL DEFAULT FLASH_CACHE DEFAULT CELL_FLASH_CACHE DEFAULT)
  TABLESPACE "SYSTEM" ;
--------------------------------------------------------
--  DDL for Index FORMULE_PK
--------------------------------------------------------

  CREATE UNIQUE INDEX "FORMULE_PK" ON "FORMULE" ("IDFORMULE") 
  PCTFREE 10 INITRANS 2 MAXTRANS 255 COMPUTE STATISTICS 
  STORAGE(INITIAL 65536 NEXT 1048576 MINEXTENTS 1 MAXEXTENTS 2147483645
  PCTINCREASE 0 FREELISTS 1 FREELIST GROUPS 1 BUFFER_POOL DEFAULT FLASH_CACHE DEFAULT CELL_FLASH_CACHE DEFAULT)
  TABLESPACE "SYSTEM" ;
--------------------------------------------------------
--  Constraints for Table ELEVE
--------------------------------------------------------

  ALTER TABLE "ELEVE" MODIFY ("IDELEVE" NOT NULL ENABLE);
  ALTER TABLE "ELEVE" MODIFY ("IDFORMULE" NOT NULL ENABLE);
  ALTER TABLE "ELEVE" MODIFY ("IDSALARIE" NOT NULL ENABLE);
  ALTER TABLE "ELEVE" ADD CONSTRAINT "ELEVE_PK" PRIMARY KEY ("IDELEVE")
  USING INDEX PCTFREE 10 INITRANS 2 MAXTRANS 255 COMPUTE STATISTICS 
  STORAGE(INITIAL 65536 NEXT 1048576 MINEXTENTS 1 MAXEXTENTS 2147483645
  PCTINCREASE 0 FREELISTS 1 FREELIST GROUPS 1 BUFFER_POOL DEFAULT FLASH_CACHE DEFAULT CELL_FLASH_CACHE DEFAULT)
  TABLESPACE "SYSTEM"  ENABLE;
--------------------------------------------------------
--  Constraints for Table ACHAT_TICKET
--------------------------------------------------------

  ALTER TABLE "ACHAT_TICKET" MODIFY ("IDACHAT" NOT NULL ENABLE);
  ALTER TABLE "ACHAT_TICKET" MODIFY ("IDELEVE" NOT NULL ENABLE);
  ALTER TABLE "ACHAT_TICKET" ADD CONSTRAINT "CHK_TYPE_MOYENPAIEMENT" CHECK (moyenPaiement IN ('carte bancaire','chèque','comptant')) ENABLE;
  ALTER TABLE "ACHAT_TICKET" ADD CONSTRAINT "ACHAT_TICKET_PK" PRIMARY KEY ("IDACHAT")
  USING INDEX PCTFREE 10 INITRANS 2 MAXTRANS 255 COMPUTE STATISTICS 
  STORAGE(INITIAL 65536 NEXT 1048576 MINEXTENTS 1 MAXEXTENTS 2147483645
  PCTINCREASE 0 FREELISTS 1 FREELIST GROUPS 1 BUFFER_POOL DEFAULT FLASH_CACHE DEFAULT CELL_FLASH_CACHE DEFAULT)
  TABLESPACE "SYSTEM"  ENABLE;
--------------------------------------------------------
--  Constraints for Table FORMULE
--------------------------------------------------------

  ALTER TABLE "FORMULE" MODIFY ("IDFORMULE" NOT NULL ENABLE);
  ALTER TABLE "FORMULE" ADD CONSTRAINT "FORMULE_PK" PRIMARY KEY ("IDFORMULE")
  USING INDEX PCTFREE 10 INITRANS 2 MAXTRANS 255 COMPUTE STATISTICS 
  STORAGE(INITIAL 65536 NEXT 1048576 MINEXTENTS 1 MAXEXTENTS 2147483645
  PCTINCREASE 0 FREELISTS 1 FREELIST GROUPS 1 BUFFER_POOL DEFAULT FLASH_CACHE DEFAULT CELL_FLASH_CACHE DEFAULT)
  TABLESPACE "SYSTEM"  ENABLE;
--------------------------------------------------------
--  Constraints for Table EXAMEN
--------------------------------------------------------

  ALTER TABLE "EXAMEN" MODIFY ("IDEXAM" NOT NULL ENABLE);
  ALTER TABLE "EXAMEN" ADD CONSTRAINT "CHK_TYPE_TYPEEXAM" CHECK (typeExam IN ('code','conduite')) ENABLE;
  ALTER TABLE "EXAMEN" ADD CONSTRAINT "EXAMEN_PK" PRIMARY KEY ("IDEXAM")
  USING INDEX PCTFREE 10 INITRANS 2 MAXTRANS 255 COMPUTE STATISTICS 
  STORAGE(INITIAL 65536 NEXT 1048576 MINEXTENTS 1 MAXEXTENTS 2147483645
  PCTINCREASE 0 FREELISTS 1 FREELIST GROUPS 1 BUFFER_POOL DEFAULT FLASH_CACHE DEFAULT CELL_FLASH_CACHE DEFAULT)
  TABLESPACE "SYSTEM"  ENABLE;
--------------------------------------------------------
--  Constraints for Table RESPONSABLE
--------------------------------------------------------

  ALTER TABLE "RESPONSABLE" MODIFY ("IDRESPONSABLE" NOT NULL ENABLE);
  ALTER TABLE "RESPONSABLE" ADD CONSTRAINT "RESPONSABLE_PK" PRIMARY KEY ("IDRESPONSABLE")
  USING INDEX PCTFREE 10 INITRANS 2 MAXTRANS 255 COMPUTE STATISTICS 
  STORAGE(INITIAL 65536 NEXT 1048576 MINEXTENTS 1 MAXEXTENTS 2147483645
  PCTINCREASE 0 FREELISTS 1 FREELIST GROUPS 1 BUFFER_POOL DEFAULT FLASH_CACHE DEFAULT CELL_FLASH_CACHE DEFAULT)
  TABLESPACE "SYSTEM"  ENABLE;
--------------------------------------------------------
--  Constraints for Table SALARIE
--------------------------------------------------------

  ALTER TABLE "SALARIE" MODIFY ("IDSALARIE" NOT NULL ENABLE);
  ALTER TABLE "SALARIE" ADD CONSTRAINT "CHK_TYPE_FONCTION" CHECK (fonction IN ('moniteur','secrétaire','gérant')) ENABLE;
  ALTER TABLE "SALARIE" ADD CONSTRAINT "SALARIE_PK" PRIMARY KEY ("IDSALARIE")
  USING INDEX PCTFREE 10 INITRANS 2 MAXTRANS 255 COMPUTE STATISTICS 
  STORAGE(INITIAL 65536 NEXT 1048576 MINEXTENTS 1 MAXEXTENTS 2147483645
  PCTINCREASE 0 FREELISTS 1 FREELIST GROUPS 1 BUFFER_POOL DEFAULT FLASH_CACHE DEFAULT CELL_FLASH_CACHE DEFAULT)
  TABLESPACE "SYSTEM"  ENABLE;
--------------------------------------------------------
--  Constraints for Table RELEVE_COMPTEUR
--------------------------------------------------------

  ALTER TABLE "RELEVE_COMPTEUR" MODIFY ("IDRELEVE" NOT NULL ENABLE);
  ALTER TABLE "RELEVE_COMPTEUR" MODIFY ("NUMVEHICULE" NOT NULL ENABLE);
  ALTER TABLE "RELEVE_COMPTEUR" ADD CONSTRAINT "RELEVE_COMPTEUR_PK" PRIMARY KEY ("IDRELEVE")
  USING INDEX PCTFREE 10 INITRANS 2 MAXTRANS 255 COMPUTE STATISTICS 
  STORAGE(INITIAL 65536 NEXT 1048576 MINEXTENTS 1 MAXEXTENTS 2147483645
  PCTINCREASE 0 FREELISTS 1 FREELIST GROUPS 1 BUFFER_POOL DEFAULT FLASH_CACHE DEFAULT CELL_FLASH_CACHE DEFAULT)
  TABLESPACE "SYSTEM"  ENABLE;
--------------------------------------------------------
--  Constraints for Table LECON_CONDUITE
--------------------------------------------------------

  ALTER TABLE "LECON_CONDUITE" MODIFY ("IDLECON" NOT NULL ENABLE);
  ALTER TABLE "LECON_CONDUITE" MODIFY ("IDSALARIE" NOT NULL ENABLE);
  ALTER TABLE "LECON_CONDUITE" MODIFY ("IDELEVE" NOT NULL ENABLE);
  ALTER TABLE "LECON_CONDUITE" MODIFY ("NUMVEHICULE" NOT NULL ENABLE);
  ALTER TABLE "LECON_CONDUITE" ADD CONSTRAINT "CHK_TYPE_STATUTLECON" CHECK (statutLecon IN ('en attente','effectuée','annulée')) ENABLE;
  ALTER TABLE "LECON_CONDUITE" ADD CONSTRAINT "LECON_CONDUITE_PK" PRIMARY KEY ("IDLECON")
  USING INDEX PCTFREE 10 INITRANS 2 MAXTRANS 255 COMPUTE STATISTICS 
  STORAGE(INITIAL 65536 NEXT 1048576 MINEXTENTS 1 MAXEXTENTS 2147483645
  PCTINCREASE 0 FREELISTS 1 FREELIST GROUPS 1 BUFFER_POOL DEFAULT FLASH_CACHE DEFAULT CELL_FLASH_CACHE DEFAULT)
  TABLESPACE "SYSTEM"  ENABLE;
--------------------------------------------------------
--  Constraints for Table VEHICULE
--------------------------------------------------------

  ALTER TABLE "VEHICULE" MODIFY ("NUMVEHICULE" NOT NULL ENABLE);
  ALTER TABLE "VEHICULE" MODIFY ("IDSALARIE" NOT NULL ENABLE);
  ALTER TABLE "VEHICULE" ADD CONSTRAINT "VEHICULE_PK" PRIMARY KEY ("NUMVEHICULE")
  USING INDEX PCTFREE 10 INITRANS 2 MAXTRANS 255 COMPUTE STATISTICS 
  STORAGE(INITIAL 65536 NEXT 1048576 MINEXTENTS 1 MAXEXTENTS 2147483645
  PCTINCREASE 0 FREELISTS 1 FREELIST GROUPS 1 BUFFER_POOL DEFAULT FLASH_CACHE DEFAULT CELL_FLASH_CACHE DEFAULT)
  TABLESPACE "SYSTEM"  ENABLE;
--------------------------------------------------------
--  Constraints for Table PASSAGE_EXAMEN
--------------------------------------------------------

  ALTER TABLE "PASSAGE_EXAMEN" MODIFY ("IDELEVE" NOT NULL ENABLE);
  ALTER TABLE "PASSAGE_EXAMEN" MODIFY ("IDEXAM" NOT NULL ENABLE);
  ALTER TABLE "PASSAGE_EXAMEN" ADD CONSTRAINT "CHK_TYPE_STATUTEXAM" CHECK (statutExam IN ('réussi','échoué','en attente','désistement')) ENABLE;
  ALTER TABLE "PASSAGE_EXAMEN" ADD CONSTRAINT "PASSAGE_EXAMEN_PK" PRIMARY KEY ("IDELEVE", "IDEXAM")
  USING INDEX PCTFREE 10 INITRANS 2 MAXTRANS 255 COMPUTE STATISTICS 
  STORAGE(INITIAL 65536 NEXT 1048576 MINEXTENTS 1 MAXEXTENTS 2147483645
  PCTINCREASE 0 FREELISTS 1 FREELIST GROUPS 1 BUFFER_POOL DEFAULT FLASH_CACHE DEFAULT CELL_FLASH_CACHE DEFAULT)
  TABLESPACE "SYSTEM"  ENABLE;
--------------------------------------------------------
--  Ref Constraints for Table ACHAT_TICKET
--------------------------------------------------------

  ALTER TABLE "ACHAT_TICKET" ADD FOREIGN KEY ("IDELEVE")
	  REFERENCES "ELEVE" ("IDELEVE") ENABLE;
--------------------------------------------------------
--  Ref Constraints for Table ELEVE
--------------------------------------------------------

  ALTER TABLE "ELEVE" ADD FOREIGN KEY ("IDFORMULE")
	  REFERENCES "FORMULE" ("IDFORMULE") ENABLE;
  ALTER TABLE "ELEVE" ADD FOREIGN KEY ("IDRESPONSABLE")
	  REFERENCES "RESPONSABLE" ("IDRESPONSABLE") ENABLE;
  ALTER TABLE "ELEVE" ADD FOREIGN KEY ("IDSALARIE")
	  REFERENCES "SALARIE" ("IDSALARIE") ENABLE;
--------------------------------------------------------
--  Ref Constraints for Table LECON_CONDUITE
--------------------------------------------------------

  ALTER TABLE "LECON_CONDUITE" ADD FOREIGN KEY ("IDSALARIE")
	  REFERENCES "SALARIE" ("IDSALARIE") ENABLE;
  ALTER TABLE "LECON_CONDUITE" ADD FOREIGN KEY ("IDELEVE")
	  REFERENCES "ELEVE" ("IDELEVE") ENABLE;
  ALTER TABLE "LECON_CONDUITE" ADD FOREIGN KEY ("NUMVEHICULE")
	  REFERENCES "VEHICULE" ("NUMVEHICULE") ENABLE;
--------------------------------------------------------
--  Ref Constraints for Table PASSAGE_EXAMEN
--------------------------------------------------------

  ALTER TABLE "PASSAGE_EXAMEN" ADD FOREIGN KEY ("IDELEVE")
	  REFERENCES "ELEVE" ("IDELEVE") ENABLE;
  ALTER TABLE "PASSAGE_EXAMEN" ADD FOREIGN KEY ("IDEXAM")
	  REFERENCES "EXAMEN" ("IDEXAM") ON DELETE CASCADE ENABLE;
--------------------------------------------------------
--  Ref Constraints for Table RELEVE_COMPTEUR
--------------------------------------------------------

  ALTER TABLE "RELEVE_COMPTEUR" ADD FOREIGN KEY ("NUMVEHICULE")
	  REFERENCES "VEHICULE" ("NUMVEHICULE") ON DELETE CASCADE ENABLE;
--------------------------------------------------------
--  Ref Constraints for Table VEHICULE
--------------------------------------------------------

  ALTER TABLE "VEHICULE" ADD FOREIGN KEY ("IDSALARIE")
	  REFERENCES "SALARIE" ("IDSALARIE") ENABLE;
--------------------------------------------------------
--  DDL for Trigger ACHAT_TICKET_IDACHAT
--------------------------------------------------------

  CREATE OR REPLACE TRIGGER "ACHAT_TICKET_IDACHAT" 
	BEFORE INSERT ON ACHAT_TICKET 
  FOR EACH ROW 
	  WHEN (NEW.idAchat IS NULL) BEGIN
		 select Seq_ACHAT_TICKET_idAchat.NEXTVAL INTO :NEW.idAchat from DUAL; 
	END;
/
ALTER TRIGGER "ACHAT_TICKET_IDACHAT" ENABLE;
--------------------------------------------------------
--  DDL for Trigger ELEVE_IDELEVE
--------------------------------------------------------

  CREATE OR REPLACE TRIGGER "ELEVE_IDELEVE" 
	BEFORE INSERT ON ELEVE 
  FOR EACH ROW 
	  WHEN (NEW.idEleve IS NULL) BEGIN
		 select Seq_ELEVE_idEleve.NEXTVAL INTO :NEW.idEleve from DUAL; 
	END;
/
ALTER TRIGGER "ELEVE_IDELEVE" ENABLE;
--------------------------------------------------------
--  DDL for Trigger EXAMEN_IDEXAM
--------------------------------------------------------

  CREATE OR REPLACE TRIGGER "EXAMEN_IDEXAM" 
	BEFORE INSERT ON EXAMEN 
  FOR EACH ROW 
	  WHEN (NEW.idExam IS NULL) BEGIN
		 select Seq_EXAMEN_idExam.NEXTVAL INTO :NEW.idExam from DUAL; 
	END;
/
ALTER TRIGGER "EXAMEN_IDEXAM" ENABLE;
--------------------------------------------------------
--  DDL for Trigger FORMULE_IDFORMULE
--------------------------------------------------------

  CREATE OR REPLACE TRIGGER "FORMULE_IDFORMULE" 
	BEFORE INSERT ON FORMULE 
  FOR EACH ROW 
	  WHEN (NEW.idFormule IS NULL) BEGIN
		 select Seq_FORMULE_idFormule.NEXTVAL INTO :NEW.idFormule from DUAL; 
	END;
/
ALTER TRIGGER "FORMULE_IDFORMULE" ENABLE;
--------------------------------------------------------
--  DDL for Trigger LECON_CONDUITE_IDLECON
--------------------------------------------------------

  CREATE OR REPLACE TRIGGER "LECON_CONDUITE_IDLECON" 
	BEFORE INSERT ON LECON_CONDUITE 
  FOR EACH ROW 
	  WHEN (NEW.idLecon IS NULL) BEGIN
		 select Seq_LECON_CONDUITE_idLecon.NEXTVAL INTO :NEW.idLecon from DUAL; 
	END;
/
ALTER TRIGGER "LECON_CONDUITE_IDLECON" ENABLE;
--------------------------------------------------------
--  DDL for Trigger RELEVE_COMPTEUR_IDRELEVE
--------------------------------------------------------

  CREATE OR REPLACE TRIGGER "RELEVE_COMPTEUR_IDRELEVE" 
	BEFORE INSERT ON RELEVE_COMPTEUR 
  FOR EACH ROW 
	  WHEN (NEW.idReleve IS NULL) BEGIN
		 select Seq_RELEVE_COMPTEUR_idReleve.NEXTVAL INTO :NEW.idReleve from DUAL; 
	END;
/
ALTER TRIGGER "RELEVE_COMPTEUR_IDRELEVE" ENABLE;
--------------------------------------------------------
--  DDL for Trigger RESPONSABLE_IDRESPONSABLE
--------------------------------------------------------

  CREATE OR REPLACE TRIGGER "RESPONSABLE_IDRESPONSABLE" 
	BEFORE INSERT ON RESPONSABLE 
  FOR EACH ROW 
	  WHEN (NEW.idResponsable IS NULL) BEGIN
		 select Seq_RESPONSABLE_idResponsable.NEXTVAL INTO :NEW.idResponsable from DUAL; 
	END;
/
ALTER TRIGGER "RESPONSABLE_IDRESPONSABLE" ENABLE;
--------------------------------------------------------
--  DDL for Trigger SALARIE_IDSALARIE
--------------------------------------------------------

  CREATE OR REPLACE TRIGGER "SALARIE_IDSALARIE" 
	BEFORE INSERT ON SALARIE 
  FOR EACH ROW 
	  WHEN (NEW.idSalarie IS NULL) BEGIN
		 select Seq_SALARIE_idSalarie.NEXTVAL INTO :NEW.idSalarie from DUAL; 
	END;
/
ALTER TRIGGER "SALARIE_IDSALARIE" ENABLE;
